column_int,column_float,column_string,column_date,column_timestamp,column_bool
144,204.27,mobile,2022-11-27,2022-10-17 09:31:54,false
439,776.96,multi-tasking,2022-05-05,2022-04-17 23:07:51,false
295,570.41,ability,2022-01-03,2022-05-19 17:24:14,true
646,565.98,responsive,2020-10-04,2022-03-18 22:30:26,true
136,825.46,Mandatory,2022-03-27,2021-10-26 13:01:14,true
326,378.06,knowledge user,2021-03-22,2022-02-03 22:30:59,true
829,367.25,info-mediaries,2022-02-15,2022-03-20 00:40:26,true
394,608.15,Advanced,2022-12-07,2023-06-02 00:47:40,false
822,849.0,structure,2022-12-06,2022-05-10 16:10:15,true
133,951.24,upward-trending,2021-08-31,2021-12-23 10:30:49,true
777,551.28,Decentralized,2022-09-15,2022-09-04 07:23:54,false
504,217.26,demand-driven,2021-10-25,2021-09-22 02:10:23,false
939,281.95,multi-state,2023-03-13,2023-03-04 16:54:05,false
357,241.06,product,2023-03-11,2023-04-10 17:05:56,false
125,106.89,Universal,2022-05-07,2023-02-04 23:22:14,false
650,349.39,attitude,2020-08-25,2021-08-16 15:51:10,true
763,265.87,Networked,2022-02-25,2022-11-01 08:39:10,true
647,473.74,Diverse,2020-12-12,2022-08-04 22:29:28,false
697,409.78,firmware,2022-07-29,2022-06-16 00:44:37,true
583,788.42,24/7,2023-07-05,2020-12-28 12:00:48,false
299,237.0,Distributed,2023-01-15,2021-03-11 01:14:49,true
618,908.76,3rd generation,2022-12-24,2022-04-12 18:54:21,true
860,938.85,system engine,2022-07-01,2023-06-14 15:14:12,false
926,144.01,function,2022-10-31,2020-12-10 03:21:43,true
36,825.41,Horizontal,2022-05-15,2022-08-18 05:28:16,false
900,793.12,adapter,2020-12-30,2022-07-10 02:22:17,true
609,315.86,policy,2020-12-01,2022-01-02 18:18:52,false
360,263.33,Secured,2020-09-21,2021-04-23 04:14:48,true
581,920.87,Configurable,2023-04-02,2023-06-10 20:17:13,false
712,832.0,global,2021-11-07,2022-06-04 15:40:33,true
461,597.54,application,2021-01-09,2023-06-13 16:36:38,true
994,964.04,global,2020-09-26,2020-12-26 10:12:46,false
217,259.8,contextually-based,2021-09-18,2022-04-17 14:16:01,false
934,274.66,concept,2021-07-19,2022-08-22 11:15:28,false
763,643.02,high-level,2021-06-05,2023-06-01 12:01:42,false
585,571.87,Organic,2020-11-16,2022-09-12 01:15:17,false
15,483.09,task-force,2022-12-15,2021-10-22 14:49:12,true
723,601.05,next generation,2020-09-03,2022-08-01 22:40:58,false
322,189.82,open architecture,2022-12-25,2022-06-15 23:02:24,false
944,804.52,array,2023-07-26,2023-02-05 16:06:25,true
382,973.03,dedicated,2021-06-22,2021-01-16 15:47:21,true
898,487.2,infrastructure,2023-05-10,2021-08-23 00:10:14,false
945,140.93,Synchronised,2023-06-28,2021-09-05 09:50:35,true
511,267.97,Digitized,2020-08-22,2021-12-04 00:23:06,true
863,780.03,Sharable,2021-12-05,2020-09-23 01:09:16,true
886,368.75,attitude,2022-04-30,2022-10-12 01:22:51,false
778,509.24,flexibility,2021-11-15,2021-04-24 04:43:17,true
926,983.1,Quality-focused,2021-07-29,2021-12-30 06:11:32,true
953,596.71,help-desk,2022-06-13,2022-03-04 10:46:11,false
348,508.46,Optional,2020-08-21,2023-06-10 18:17:38,true
189,744.86,product,2023-03-06,2022-08-31 18:06:35,false
579,349.85,installation,2022-09-24,2021-07-08 08:12:50,true
943,212.29,exuding,2020-12-04,2022-12-02 07:51:32,false
472,470.26,Devolved,2021-07-08,2023-07-09 03:00:48,false
708,94.94,neutral,2022-05-13,2021-08-12 10:39:16,false
325,922.14,definition,2020-09-07,2022-08-20 18:52:15,false
11,618.42,Enhanced,2021-06-29,2020-09-22 21:08:51,true
131,873.92,orchestration,2023-05-07,2020-12-11 19:59:01,true
66,804.21,coherent,2023-02-21,2021-09-24 18:38:37,false
915,863.45,Distributed,2022-02-27,2020-12-29 19:17:37,false
79,207.25,eco-centric,2023-05-11,2020-08-20 22:24:24,false
583,690.32,Multi-tiered,2021-06-25,2023-01-09 08:30:00,true
537,405.72,maximized,2022-05-11,2022-12-17 01:38:47,true
283,718.41,Automated,2023-06-17,2022-12-26 01:57:49,false
552,716.71,methodical,2023-07-30,2021-09-08 03:14:43,true
372,52.99,software,2021-12-12,2022-04-18 17:19:26,false
629,74.48,Compatible,2021-08-28,2022-10-08 17:20:28,true
356,697.55,asymmetric,2020-10-07,2022-12-07 08:05:54,false
211,201.29,hybrid,2020-12-30,2023-03-31 06:54:36,true
978,876.49,3rd generation,2023-07-29,2022-07-30 13:34:51,false
346,48.2,user-facing,2022-04-16,2023-05-31 17:50:03,false
920,418.57,frame,2021-02-07,2022-03-22 23:50:46,false
351,681.74,radical,2020-11-02,2021-06-11 22:04:24,true
523,228.68,Diverse,2020-11-30,2022-06-22 11:49:17,true
351,508.9,3rd generation,2022-02-20,2022-11-01 09:17:45,false
216,943.58,asynchronous,2022-06-22,2023-03-15 20:58:10,true
341,534.84,Re-contextualized,2021-11-03,2020-09-12 09:00:12,false
729,230.06,productivity,2022-03-28,2022-09-15 14:21:22,true
374,759.04,Pre-emptive,2022-07-12,2021-04-09 00:44:43,false
207,144.84,attitude,2020-10-07,2022-05-23 15:00:55,false
298,36.59,Fundamental,2023-01-16,2023-06-26 16:45:46,true
713,479.34,ability,2021-09-07,2022-10-13 12:45:01,false
246,136.91,uniform,2021-01-18,2020-09-27 09:01:22,true
539,980.46,solution,2022-11-21,2020-11-23 07:49:45,false
901,398.47,motivating,2021-02-04,2022-06-13 01:08:54,false
706,929.05,next generation,2022-05-25,2023-05-14 06:27:17,true
757,948.53,budgetary management,2022-10-14,2022-10-06 05:04:25,true
112,507.8,interactive,2022-05-29,2021-05-07 19:38:36,true
103,525.87,moratorium,2021-07-27,2022-01-27 18:57:08,false
105,534.81,empowering,2023-07-09,2020-08-25 06:57:23,false
200,187.4,Profound,2021-10-13,2023-01-14 17:19:40,true
89,540.41,framework,2021-09-03,2020-12-14 04:37:51,true
236,64.72,hybrid,2021-11-19,2021-09-19 11:01:50,false
510,118.97,groupware,2022-03-10,2021-11-18 12:57:28,true
110,542.75,hub,2021-09-25,2020-11-16 01:41:07,true
415,985.0,incremental,2022-06-04,2022-09-17 14:31:35,false
217,383.04,optimizing,2023-02-01,2022-08-18 14:00:42,true
981,552.15,knowledge base,2022-03-16,2022-11-14 04:55:47,true
16,666.51,Expanded,2021-10-15,2020-11-07 10:28:45,true
885,718.61,heuristic,2023-06-05,2020-10-19 18:10:53,false
453,268.49,regional,2021-04-24,2023-04-27 02:38:05,false
570,966.8,Vision-oriented,2022-05-21,2020-11-11 06:43:58,false
58,704.04,coherent,2023-03-15,2020-12-03 18:23:26,true
261,472.03,next generation,2022-11-07,2022-10-24 07:47:01,false
49,748.33,hardware,2022-12-09,2021-02-06 10:00:36,true
697,123.26,Centralized,2023-01-26,2020-09-23 10:31:34,true
492,928.12,Synergized,2021-05-06,2020-12-02 21:45:28,false
96,525.94,Distributed,2023-02-11,2021-01-23 20:19:15,false
87,921.12,Face to face,2023-06-21,2022-08-26 21:00:25,true
682,494.7,didactic,2021-08-27,2022-07-14 21:19:17,false
664,240.26,optimal,2022-10-08,2023-08-01 22:50:41,true
130,752.19,zero tolerance,2020-11-21,2023-06-08 01:03:47,false
338,567.34,support,2020-12-11,2022-09-28 02:22:23,false
273,505.62,intermediate,2021-11-29,2023-01-23 19:35:33,false
481,179.06,Multi-lateral,2023-07-18,2022-04-04 02:08:17,false
165,948.74,systematic,2023-02-05,2022-11-30 21:48:42,true
869,783.51,collaboration,2022-02-26,2020-11-24 17:39:56,false
960,338.47,Realigned,2023-06-27,2021-03-27 17:05:45,false
865,704.19,Visionary,2022-01-07,2022-09-07 10:21:11,true
190,580.19,empowering,2023-06-12,2023-06-25 12:28:42,true
64,221.19,Streamlined,2023-02-08,2023-02-17 04:12:03,false
969,752.62,24 hour,2021-03-07,2020-11-30 18:32:12,false
58,335.58,Open-architected,2023-03-03,2021-05-22 00:30:28,true
987,110.91,Organized,2021-03-26,2023-06-03 20:38:09,true
460,979.63,Self-enabling,2022-08-17,2021-02-26 03:33:17,true
408,283.79,artificial intelligence,2023-05-21,2023-01-12 16:20:58,false
406,184.44,client-driven,2022-04-17,2020-11-21 15:46:58,true
934,5.08,leverage,2020-10-07,2021-07-27 17:24:41,false
283,766.69,value-added,2023-04-06,2021-10-13 05:22:26,true
49,270.33,hardware,2022-05-21,2023-04-27 19:58:38,false
641,83.66,Innovative,2021-12-23,2023-02-02 07:21:53,false
932,698.73,Automated,2021-09-14,2022-05-25 10:08:05,true
807,971.42,Robust,2020-11-21,2022-03-02 03:34:43,true
571,541.2,interactive,2021-03-15,2022-11-30 18:09:32,false
683,96.94,process improvement,2022-07-05,2023-04-17 12:58:37,false
672,773.62,Total,2023-01-07,2021-06-12 13:01:38,true
663,961.79,success,2021-12-03,2022-06-30 03:40:30,true
202,817.44,coherent,2022-02-04,2023-01-07 04:43:06,true
412,838.72,responsive,2021-06-27,2020-09-06 18:55:32,false
109,926.55,access,2021-01-31,2020-08-26 10:19:43,true
673,478.28,Networked,2022-09-06,2022-12-31 10:48:53,true
960,440.85,Universal,2022-04-26,2020-12-14 01:44:06,true
599,924.48,extranet,2022-06-03,2022-07-30 12:30:45,false
678,32.13,upward-trending,2022-01-08,2022-06-12 23:33:00,true
277,522.36,Advanced,2023-04-13,2021-01-05 04:09:28,false
114,613.03,Universal,2020-10-22,2022-12-03 13:42:04,false
272,373.62,capacity,2021-11-17,2020-11-23 13:32:43,false
1,466.18,complexity,2023-05-29,2022-10-17 09:45:49,true
328,507.72,intranet,2023-03-23,2020-12-12 10:04:40,false
968,16.83,Self-enabling,2022-11-25,2020-09-17 00:47:34,false
184,782.36,Streamlined,2022-01-09,2022-12-23 04:54:06,false
408,896.83,Adaptive,2022-09-02,2023-07-31 00:10:23,true
860,797.78,clear-thinking,2022-06-24,2022-12-22 07:03:06,true
847,427.09,Universal,2020-08-16,2020-11-09 11:24:30,false
136,879.94,tertiary,2021-12-22,2023-05-11 21:56:06,false
177,742.25,encompassing,2021-05-27,2021-11-23 06:35:28,true
473,284.49,policy,2022-01-04,2022-05-31 05:44:30,false
772,837.29,Fully-configurable,2020-11-27,2022-02-20 04:07:53,true
294,394.83,standardization,2023-02-07,2022-07-21 08:50:37,false
355,410.34,leading edge,2022-10-13,2020-11-25 00:08:24,true
851,972.44,extranet,2023-04-27,2022-02-09 00:11:24,false
43,744.33,Fundamental,2022-06-08,2020-09-18 05:06:46,false
811,813.37,conglomeration,2021-09-26,2021-08-10 07:52:19,true
358,825.78,intranet,2023-01-16,2023-02-11 03:49:31,true
524,230.22,uniform,2022-06-27,2023-07-23 12:40:16,true
66,921.84,function,2020-12-19,2020-09-17 19:46:42,true
562,396.4,Switchable,2022-11-22,2022-08-13 20:00:38,true
162,700.21,installation,2023-03-11,2022-06-03 13:17:42,true
811,495.77,Centralized,2022-08-11,2021-03-22 02:53:41,true
913,747.85,contextually-based,2021-04-26,2021-12-19 04:24:44,false
160,899.52,Quality-focused,2022-05-09,2023-04-29 22:40:44,false
602,769.14,Sharable,2022-09-16,2021-07-18 08:16:49,true
103,573.56,Enterprise-wide,2021-01-18,2022-07-18 18:04:58,false
624,228.43,installation,2022-01-07,2021-12-19 01:22:08,true
449,673.51,Organized,2022-11-16,2021-04-12 07:41:04,true
684,423.36,Triple-buffered,2022-03-06,2023-04-05 03:33:11,true
365,951.74,Upgradable,2022-05-27,2023-03-11 21:36:55,false
615,675.13,Graphic Interface,2022-07-01,2023-07-31 07:17:50,true
292,316.24,foreground,2020-09-05,2023-04-10 10:25:18,false
919,779.0,encoding,2023-01-05,2021-08-15 10:15:26,false
729,837.28,uniform,2022-10-20,2020-12-18 10:30:49,true
553,316.87,discrete,2021-04-22,2020-11-16 06:58:23,true
975,995.51,tangible,2023-03-15,2020-11-10 13:49:27,true
261,259.98,Self-enabling,2020-09-24,2020-12-02 15:01:37,true
948,394.65,maximized,2022-06-25,2020-10-05 12:30:25,false
322,186.23,solution,2023-01-06,2021-09-22 04:19:48,true
592,51.77,encoding,2023-08-13,2020-08-19 02:07:03,true
524,624.56,composite,2020-11-16,2022-10-13 06:26:10,true
591,77.1,cohesive,2021-10-15,2023-04-06 19:57:58,false
854,104.43,orchestration,2023-02-05,2022-03-31 03:19:13,false
917,126.44,product,2020-11-23,2021-08-12 20:39:42,false
886,715.49,tertiary,2023-01-16,2021-03-12 23:40:57,false
679,807.64,systematic,2021-12-05,2023-04-13 11:23:43,false
355,20.84,optimizing,2022-11-29,2021-03-18 07:00:41,true
762,678.63,project,2023-07-10,2021-11-17 09:34:15,true
454,349.1,frame,2022-04-26,2021-06-30 03:14:26,false
226,97.47,incremental,2022-12-11,2022-09-01 02:12:04,false
27,576.12,monitoring,2022-03-28,2021-09-02 23:10:16,true
551,469.39,eco-centric,2021-04-04,2022-12-19 05:12:48,true
722,911.54,bifurcated,2022-08-24,2023-04-19 14:27:46,true
928,706.29,Open-architected,2020-09-20,2022-03-25 21:07:07,false
800,441.03,encryption,2020-11-07,2023-07-30 04:47:40,false
224,161.38,Diverse,2023-03-18,2021-08-06 06:37:42,false
816,405.84,cohesive,2023-06-28,2022-08-22 11:11:33,false
359,457.35,5th generation,2023-05-25,2022-03-13 06:53:42,true
579,677.55,Assimilated,2021-11-27,2021-11-12 00:58:39,true
583,349.14,Organized,2021-05-28,2021-11-29 14:28:22,true
649,216.05,moratorium,2022-04-23,2021-10-02 19:59:59,true
466,624.31,task-force,2022-05-25,2021-10-11 21:24:28,true
768,321.69,contingency,2021-08-28,2021-02-07 01:05:25,true
607,807.74,high-level,2022-01-26,2020-09-04 12:13:35,true
965,265.57,concept,2022-10-23,2023-01-25 18:34:57,false
618,898.39,productivity,2023-04-11,2021-02-24 08:11:47,false
43,523.28,impactful,2022-07-07,2022-04-29 02:13:56,true
749,930.05,disintermediate,2023-06-10,2021-08-01 09:28:22,true
795,508.45,Polarised,2021-10-26,2023-01-26 17:11:04,true
384,700.84,attitude,2021-04-15,2021-06-12 13:05:28,false
154,689.92,didactic,2022-03-14,2022-03-05 23:52:07,false
1,54.3,Re-engineered,2022-01-09,2021-10-02 01:25:59,true
494,247.31,hierarchy,2023-02-08,2021-09-06 19:16:07,true
143,954.39,radical,2023-02-05,2023-06-25 19:40:46,true
438,676.07,uniform,2021-10-26,2021-11-02 07:56:36,true
159,751.64,client-driven,2020-11-25,2020-11-11 13:42:31,true
577,928.96,Team-oriented,2021-01-05,2023-03-21 05:15:53,true
103,471.78,Cross-platform,2023-06-13,2022-12-29 02:08:51,false
384,564.48,Integrated,2022-05-21,2023-02-02 22:21:09,true
133,192.2,Multi-channelled,2022-03-12,2022-04-10 04:03:18,true
984,268.52,success,2022-06-29,2022-02-20 23:48:01,false
239,472.95,synergy,2021-08-30,2021-03-10 09:20:08,true
29,334.51,hardware,2022-04-19,2023-02-26 04:22:08,true
261,553.4,portal,2022-12-13,2022-07-07 08:41:12,false
277,310.3,Intuitive,2021-05-05,2023-03-26 12:44:32,true
14,768.72,methodical,2023-01-17,2021-09-05 20:25:11,true
676,782.22,user-facing,2021-01-19,2022-01-12 09:41:51,false
620,832.77,cohesive,2021-02-25,2020-08-16 05:57:41,true
918,307.64,groupware,2022-09-09,2022-10-14 06:28:38,true
767,686.41,Organized,2022-12-16,2021-08-01 19:00:24,true
601,82.61,Phased,2020-08-30,2021-05-19 09:00:37,false
243,49.8,access,2021-01-24,2021-05-20 18:48:52,false
411,696.65,intangible,2020-11-13,2023-07-23 22:38:56,false
629,665.95,Balanced,2022-07-31,2022-12-27 20:23:00,true
857,244.75,incremental,2021-08-05,2021-05-09 04:48:07,false
690,273.36,Programmable,2021-02-11,2023-04-16 00:03:21,false
442,455.93,Networked,2022-12-30,2021-01-08 01:42:46,false
147,124.9,Profit-focused,2023-04-12,2021-05-19 18:59:44,true
742,975.35,contingency,2021-07-05,2022-06-13 18:09:57,false
535,201.23,superstructure,2022-05-21,2022-02-03 21:10:17,true
689,133.75,Down-sized,2020-09-12,2023-07-06 02:44:05,false
621,721.78,moratorium,2023-01-02,2020-08-18 22:00:58,true
653,637.09,artificial intelligence,2023-04-13,2021-09-24 23:47:16,true
438,867.74,national,2020-12-03,2021-01-29 19:45:44,false
954,717.5,upward-trending,2021-12-23,2021-07-06 23:54:21,false
206,524.1,Graphical User Interface,2023-07-20,2023-08-08 04:58:18,false
425,436.65,impactful,2023-05-03,2021-03-10 09:29:17,false
747,56.03,homogeneous,2022-03-07,2021-07-23 04:59:41,false
580,636.58,optimizing,2020-12-30,2022-08-11 09:36:55,true
309,125.83,core,2020-12-20,2022-07-05 15:59:21,false
178,830.7,Operative,2023-04-07,2022-02-25 14:52:00,true
689,6.28,Reactive,2023-02-15,2021-05-23 20:37:53,false
291,523.79,Expanded,2021-07-04,2020-11-14 21:35:21,true
249,448.38,knowledge base,2021-08-20,2020-11-04 06:46:44,false
238,248.92,focus group,2021-09-10,2023-08-08 08:39:29,false
723,785.73,productivity,2023-04-11,2022-09-05 12:37:15,false
282,578.38,flexibility,2023-04-26,2023-06-20 14:50:35,false
907,731.16,well-modulated,2023-02-02,2021-04-04 02:00:40,true
231,178.89,analyzer,2022-06-28,2022-01-14 01:13:04,true
527,925.36,project,2020-09-02,2021-07-17 04:47:40,false
605,350.89,multi-state,2022-11-15,2020-10-24 07:02:40,false
615,556.69,neural-net,2022-06-16,2023-03-12 17:59:48,false
178,378.57,6th generation,2022-11-14,2022-07-15 09:39:41,true
957,169.17,standardization,2022-06-15,2023-04-07 18:13:29,true
981,717.98,throughput,2021-04-20,2022-07-21 06:12:36,false
189,948.41,hardware,2023-03-27,2021-01-28 00:22:15,false
449,748.0,Self-enabling,2021-02-25,2022-09-23 01:44:46,false
104,753.83,Secured,2021-12-25,2021-08-07 00:43:42,true
382,310.83,analyzing,2020-09-22,2022-08-10 12:50:30,true
576,223.35,artificial intelligence,2022-03-29,2020-12-10 13:41:43,false
50,148.38,Secured,2022-04-06,2023-03-20 17:39:08,true
383,61.42,application,2023-03-11,2023-01-18 11:01:32,true
662,44.67,Profit-focused,2020-11-14,2020-09-09 17:18:28,false
990,356.85,background,2022-10-01,2021-09-19 07:04:12,true
96,924.33,Phased,2023-03-09,2022-02-09 03:33:29,true
613,451.66,hierarchy,2021-06-28,2021-08-17 01:08:58,true
821,528.29,background,2021-03-30,2023-02-11 12:38:22,false
364,98.05,workforce,2020-09-30,2021-07-01 03:12:39,false
403,559.51,Versatile,2020-11-11,2022-01-13 15:24:27,true
534,805.65,time-frame,2021-04-11,2020-11-11 23:08:49,false
408,888.82,Upgradable,2022-08-20,2022-01-27 00:20:08,true
576,741.0,executive,2023-05-18,2023-08-10 09:47:14,false
688,670.45,Reactive,2020-09-21,2021-02-13 18:31:28,false
321,655.34,grid-enabled,2021-01-30,2022-04-18 23:36:10,false
606,161.65,Multi-lateral,2021-11-28,2022-12-23 21:01:27,true
556,206.38,Robust,2022-06-05,2023-03-28 04:44:26,true
253,596.93,emulation,2021-10-15,2020-10-04 20:51:57,false
513,356.52,Pre-emptive,2021-05-02,2021-01-23 16:18:19,true
46,119.05,well-modulated,2022-07-04,2023-06-22 10:40:08,false
356,328.43,explicit,2022-02-04,2023-04-09 00:49:41,true
914,659.97,protocol,2022-04-27,2022-01-19 23:02:24,false
712,946.61,4th generation,2021-04-21,2021-01-04 05:20:51,true
183,926.18,strategy,2022-12-27,2021-09-14 01:33:22,false
654,831.67,Seamless,2022-04-16,2021-04-10 01:54:31,false
584,404.89,Implemented,2021-08-22,2022-09-21 01:16:51,true
882,532.22,Phased,2022-08-07,2021-12-23 04:47:39,true
205,293.26,web-enabled,2022-06-16,2020-11-28 15:55:24,false
365,976.64,Distributed,2021-05-13,2021-12-03 01:41:07,false
926,81.14,Exclusive,2023-07-12,2020-12-15 03:57:07,false
498,819.61,policy,2022-03-10,2020-12-07 15:21:09,false
165,545.54,flexibility,2023-03-23,2022-11-15 04:11:32,true
180,895.88,open architecture,2022-04-09,2020-10-21 20:07:53,false
617,781.78,Organic,2022-10-31,2021-09-01 17:45:26,false
409,591.47,analyzer,2022-09-02,2021-04-22 01:21:58,true
605,132.16,Sharable,2021-12-03,2023-02-28 17:08:40,false
716,141.83,Expanded,2022-10-29,2023-05-09 22:02:38,true
249,194.86,extranet,2021-01-19,2020-12-13 04:21:00,true
235,179.99,Horizontal,2020-12-09,2021-08-12 04:45:04,false
917,243.63,Multi-channelled,2022-05-08,2021-09-23 11:38:10,false
708,423.97,Future-proofed,2021-04-29,2023-04-02 15:02:51,false
259,894.82,Visionary,2022-12-24,2021-12-07 20:18:29,false
21,765.58,approach,2021-11-04,2022-10-19 07:15:52,true
667,456.77,multi-state,2021-04-04,2021-01-10 19:05:47,false
692,33.49,user-facing,2021-09-25,2021-06-17 03:43:46,false
280,473.53,Triple-buffered,2020-09-04,2021-07-01 00:29:27,false
886,336.9,product,2022-03-31,2022-07-11 00:06:11,false
898,43.26,task-force,2023-06-21,2023-02-18 20:47:31,false
493,926.36,forecast,2021-12-01,2021-06-24 03:27:18,false
321,597.61,implementation,2021-04-09,2021-11-17 19:07:17,false
811,336.6,toolset,2021-06-16,2022-06-04 15:45:06,true
898,509.51,middleware,2022-12-09,2022-08-23 12:50:16,true
127,560.62,User-centric,2023-05-16,2021-09-07 14:42:32,false
249,83.04,modular,2023-03-19,2022-10-11 00:11:56,true
839,557.26,tertiary,2020-11-08,2022-12-19 18:18:13,false
609,908.26,attitude,2021-02-09,2021-07-22 10:21:12,true
293,824.59,system-worthy,2023-02-21,2021-12-24 15:41:54,true
603,554.45,Re-engineered,2021-09-09,2021-07-02 19:54:07,true
425,493.86,framework,2023-05-20,2023-02-15 13:01:59,false
330,528.69,well-modulated,2022-02-08,2022-04-01 08:35:10,true
655,154.03,web-enabled,2023-05-01,2022-12-10 13:17:42,false
188,495.97,interactive,2020-11-06,2022-06-19 20:35:15,true
22,744.28,paradigm,2022-12-11,2022-01-06 21:37:44,true
541,539.25,contextually-based,2021-05-17,2023-06-14 00:56:57,false
632,199.85,Balanced,2022-09-13,2022-12-14 06:25:00,false
326,928.76,Multi-channelled,2021-11-19,2022-01-11 23:03:07,false
239,48.97,customer loyalty,2023-04-22,2022-04-09 19:05:43,true
82,832.69,Realigned,2023-08-08,2021-08-14 03:15:14,false
558,647.08,database,2021-10-29,2021-08-26 21:36:00,true
970,531.26,challenge,2020-10-04,2020-09-19 11:59:11,false
707,257.1,hierarchy,2020-11-22,2020-09-26 13:34:52,false
941,856.71,User-centric,2022-07-14,2021-03-12 19:16:37,true
86,635.65,intangible,2023-07-10,2023-05-06 22:18:09,false
559,660.09,scalable,2022-08-07,2022-10-15 13:34:58,false
18,469.65,high-level,2020-08-31,2022-07-07 14:36:18,true
477,431.34,24 hour,2021-07-17,2022-09-01 13:09:04,true
157,541.5,full-range,2021-01-23,2021-01-11 09:34:05,true
289,338.64,open architecture,2023-04-18,2020-11-07 18:44:43,false
344,744.09,Reverse-engineered,2023-06-17,2022-02-07 07:13:57,true
379,571.02,zero tolerance,2023-01-01,2023-05-15 15:03:10,false
461,152.37,4th generation,2020-08-23,2022-12-30 22:34:55,false
821,488.76,Reactive,2022-04-22,2021-03-09 09:01:25,true
520,619.66,zero tolerance,2022-12-20,2020-09-25 13:34:05,true
911,816.73,Adaptive,2022-05-11,2021-04-07 23:21:39,false
670,962.85,motivating,2020-12-05,2023-05-03 18:17:53,false
871,864.17,background,2022-09-24,2021-04-25 20:03:10,true
208,35.13,Sharable,2022-02-18,2023-05-15 07:25:46,true
454,615.17,productivity,2023-04-26,2021-08-15 19:36:49,true
109,192.13,info-mediaries,2021-06-23,2021-08-25 07:13:21,false
169,784.17,scalable,2023-07-05,2023-02-12 15:33:35,false
810,917.2,Sharable,2021-01-14,2023-07-01 10:24:56,false
245,114.72,Diverse,2022-02-28,2020-11-17 20:49:19,false
489,3.0,Reverse-engineered,2022-07-20,2020-09-21 18:52:22,false
377,776.93,benchmark,2021-07-31,2021-06-27 00:16:00,false
501,490.07,implementation,2020-10-05,2022-07-19 19:43:00,false
226,557.29,orchestration,2022-11-29,2021-07-01 04:30:49,false
948,958.97,core,2021-08-28,2023-04-12 07:09:34,true
516,297.16,Phased,2022-02-08,2023-04-16 07:53:53,true
284,366.75,motivating,2020-11-30,2020-09-30 21:13:33,true
949,150.27,systemic,2020-10-14,2023-02-14 07:08:30,true
256,639.65,array,2023-03-29,2021-07-09 08:52:30,false
469,884.43,attitude,2022-12-25,2022-01-28 05:34:29,false
403,551.48,strategy,2022-07-13,2020-09-09 17:52:26,false
102,152.95,asynchronous,2021-08-21,2022-05-05 09:03:03,false
61,453.78,transitional,2023-07-04,2022-08-29 16:21:56,true
279,971.31,emulation,2020-11-21,2023-03-08 16:30:22,false
644,375.09,hybrid,2022-09-06,2022-03-04 18:00:37,false
445,156.88,Future-proofed,2022-07-21,2022-02-14 15:08:33,false
404,810.64,solution,2023-05-05,2022-09-02 07:10:46,true
34,742.19,mobile,2021-07-31,2023-01-02 04:17:37,true
483,837.17,orchestration,2023-08-11,2020-10-28 15:44:30,true
569,848.93,Expanded,2021-10-20,2022-03-07 10:06:52,false
669,460.67,Monitored,2021-10-30,2022-09-03 21:23:00,false
682,153.31,project,2021-06-07,2022-03-03 15:42:09,false
249,100.82,fault-tolerant,2020-11-25,2023-07-31 09:50:19,true
365,598.74,executive,2021-01-02,2020-11-27 04:44:23,true
844,26.74,Horizontal,2023-07-01,2020-09-19 13:50:24,true
324,48.27,Implemented,2021-01-06,2020-11-28 22:15:35,true
227,557.14,homogeneous,2023-04-01,2023-08-09 12:15:53,false
981,917.72,analyzer,2022-02-23,2021-12-24 22:34:03,false
933,206.2,non-volatile,2022-05-10,2021-05-02 02:40:53,false
191,965.35,task-force,2021-05-31,2023-01-18 13:16:03,false
621,726.47,interactive,2020-10-23,2022-06-19 22:14:03,false
739,468.8,Assimilated,2021-11-20,2021-09-18 02:19:21,true
621,438.04,client-server,2022-05-28,2022-07-23 06:09:16,true
116,90.14,optimizing,2020-09-17,2023-04-03 10:45:47,true
282,774.81,extranet,2020-08-28,2023-05-20 01:58:25,true
427,586.63,portal,2020-09-20,2023-06-20 23:34:05,true
261,872.81,Team-oriented,2021-03-13,2023-06-20 13:11:30,true
581,646.56,User-friendly,2020-08-27,2020-09-18 22:20:56,false
216,400.84,uniform,2022-05-16,2022-04-09 07:29:51,true
82,679.99,De-engineered,2022-01-28,2022-07-13 20:24:30,true
404,490.28,Assimilated,2020-12-09,2021-10-07 09:33:59,true
543,4.88,Distributed,2021-06-18,2021-01-21 03:20:32,true
245,68.91,capacity,2022-07-10,2022-03-21 04:43:34,false
83,829.58,encoding,2022-02-20,2022-06-14 00:16:17,true
199,73.89,paradigm,2022-02-26,2021-02-06 09:57:25,true
434,308.73,Virtual,2022-04-24,2023-06-21 04:40:25,false
1,153.23,Business-focused,2023-03-16,2021-04-06 00:44:39,false
626,736.08,well-modulated,2022-12-01,2022-05-27 14:04:31,false
268,625.99,complexity,2023-03-13,2023-06-12 14:55:41,false
988,176.2,function,2020-11-13,2023-08-13 09:23:44,true
98,449.7,content-based,2023-04-08,2021-03-21 00:50:55,true
85,254.93,success,2020-09-30,2022-02-23 07:26:21,false
490,998.46,object-oriented,2022-11-24,2022-12-06 06:37:38,false
982,555.91,Innovative,2021-01-22,2023-05-28 13:51:10,true
104,777.01,Extended,2021-09-08,2023-01-25 10:45:22,true
421,79.85,utilisation,2022-11-09,2022-11-09 11:50:45,false
116,158.9,background,2020-12-15,2020-12-19 04:02:59,true
891,634.1,fresh-thinking,2021-07-23,2021-07-07 05:48:02,false
159,127.18,process improvement,2023-03-06,2021-04-30 20:21:44,true
66,330.88,Operative,2022-03-01,2022-03-02 23:21:14,true
277,934.71,Down-sized,2021-09-14,2020-08-24 11:28:24,false
393,89.97,bandwidth-monitored,2020-10-19,2021-01-21 17:12:05,true
87,410.47,Up-sized,2020-08-26,2020-09-30 09:25:28,true
285,660.76,Up-sized,2022-10-18,2021-06-24 17:41:48,true
801,390.24,Networked,2020-11-12,2022-08-18 19:13:29,false
436,992.61,asymmetric,2021-10-07,2021-06-10 19:14:58,false
523,16.19,Organized,2021-11-28,2023-01-03 20:01:55,false
739,888.56,customer loyalty,2021-05-08,2020-12-21 03:37:23,false
806,476.63,internet solution,2021-08-31,2022-07-05 18:27:38,true
820,711.63,asymmetric,2022-05-17,2020-11-13 16:54:53,false
565,219.06,secondary,2022-07-24,2022-12-10 02:09:20,true
35,940.82,dedicated,2023-05-04,2022-03-02 12:14:01,false
802,751.86,next generation,2023-01-11,2022-05-05 00:43:46,true
679,907.22,Intuitive,2022-09-22,2021-12-26 09:46:47,true
555,211.66,Managed,2021-12-14,2023-05-09 01:51:27,true
934,981.07,interactive,2020-11-25,2020-12-13 13:14:26,true
189,312.31,product,2020-09-26,2021-03-16 06:43:52,true
227,927.23,Triple-buffered,2023-05-05,2022-07-22 11:02:25,false
405,616.0,policy,2023-03-14,2022-09-17 04:46:52,true
718,178.51,adapter,2023-01-11,2020-09-04 06:24:16,true
647,76.04,methodology,2023-07-29,2022-12-20 00:15:53,true
229,705.01,parallelism,2022-03-25,2021-06-27 02:41:33,true
407,139.46,benchmark,2021-04-07,2023-04-13 19:59:39,false
68,865.84,matrices,2022-06-12,2020-11-04 10:41:47,false
662,811.29,project,2020-10-18,2021-02-19 23:15:39,true
38,869.91,parallelism,2021-10-11,2022-12-18 16:08:34,false
700,857.86,Re-contextualized,2022-01-21,2021-04-03 16:15:07,false
347,310.4,parallelism,2021-07-31,2022-05-16 06:54:13,false
258,694.64,non-volatile,2022-09-16,2022-03-07 04:33:43,true
899,634.29,Quality-focused,2022-08-24,2023-04-10 18:16:17,true
854,332.52,Diverse,2021-04-04,2022-11-25 10:08:19,false
227,941.49,archive,2021-01-25,2021-07-26 08:34:55,true
103,152.64,Inverse,2021-04-05,2022-10-03 09:51:06,true
539,683.49,workforce,2020-12-12,2022-09-07 21:54:45,true
815,781.09,Multi-layered,2022-04-05,2021-09-15 20:44:45,true
491,123.76,Stand-alone,2022-12-17,2022-07-01 14:12:34,false
274,228.94,Future-proofed,2023-03-02,2023-03-28 03:39:44,true
58,695.0,superstructure,2022-12-25,2021-12-31 01:58:36,false
428,86.73,Pre-emptive,2023-05-03,2020-11-11 12:11:37,true
371,770.79,orchestration,2022-08-15,2022-07-11 23:40:46,false
648,278.58,access,2021-10-10,2022-02-25 07:10:02,false
298,771.43,alliance,2023-07-21,2023-08-07 00:10:19,false
484,666.73,ability,2020-10-09,2022-05-10 13:02:02,false
58,370.16,grid-enabled,2020-08-16,2021-06-20 17:01:15,true
206,737.88,Automated,2021-08-10,2021-06-15 14:12:06,false
708,823.82,superstructure,2021-09-17,2022-09-03 23:56:53,true
400,841.39,Persistent,2022-12-03,2020-11-24 19:33:09,true
598,495.85,national,2021-11-09,2022-07-29 00:49:06,true
410,734.25,help-desk,2022-03-05,2021-08-26 11:15:05,true
677,906.27,client-server,2022-06-17,2020-08-25 22:49:27,true
736,35.04,Horizontal,2023-06-16,2021-08-20 14:14:17,true
81,549.98,Optional,2022-07-31,2020-10-26 11:07:56,false
462,183.89,monitoring,2022-07-01,2021-12-24 20:51:29,true
298,103.92,Cross-group,2022-02-02,2021-03-22 23:37:02,false
414,643.09,product,2021-05-29,2023-05-06 01:56:31,false
109,760.6,superstructure,2020-10-02,2022-06-06 12:31:01,true
467,625.58,website,2023-01-16,2021-12-21 06:08:56,false
354,107.96,content-based,2023-03-16,2021-01-04 23:51:54,true
158,276.0,Ameliorated,2023-07-21,2023-06-25 03:09:23,true
642,784.22,Re-engineered,2023-04-29,2022-11-13 10:50:04,false
145,397.89,dedicated,2021-07-06,2022-06-25 20:48:34,false
872,723.25,Front-line,2021-03-17,2022-02-06 19:37:07,true
859,475.26,capacity,2021-11-17,2021-01-02 21:35:04,false
132,860.1,dedicated,2023-05-30,2023-03-10 07:57:06,true
941,454.95,human-resource,2020-12-15,2022-07-02 04:15:21,true
147,201.08,array,2021-12-22,2021-04-23 03:06:30,false
959,515.49,benchmark,2023-07-16,2022-11-10 07:07:52,false
893,243.56,regional,2021-06-10,2023-04-05 06:18:05,true
556,903.25,high-level,2022-05-05,2022-09-24 02:05:48,false
991,113.54,Secured,2022-12-12,2022-10-06 15:16:29,true
998,995.03,attitude-oriented,2021-08-11,2021-01-06 10:56:32,true
578,437.98,core,2021-05-02,2022-03-23 22:04:02,true
609,821.07,regional,2021-06-17,2023-05-08 09:09:22,false
739,942.35,Distributed,2023-08-10,2023-03-08 13:00:19,true
73,738.04,neural-net,2021-11-25,2021-12-21 07:00:59,true
657,976.64,dedicated,2022-03-08,2021-05-03 20:38:04,true
549,452.15,bifurcated,2020-08-16,2022-11-26 18:03:57,true
227,252.32,fault-tolerant,2021-07-29,2022-10-19 03:48:08,true
545,348.12,Monitored,2022-07-22,2021-01-28 17:50:45,true
252,576.65,orchestration,2022-06-26,2022-12-17 23:11:06,false
550,95.29,multimedia,2023-01-08,2021-12-31 15:33:14,false
485,394.13,empowering,2021-08-29,2021-07-01 19:41:28,true
189,732.61,Re-contextualized,2020-11-26,2020-11-07 19:43:12,true
301,851.94,Optimized,2023-06-29,2020-11-04 00:18:11,false
176,985.85,Vision-oriented,2021-04-06,2021-11-20 16:33:15,false
688,129.74,firmware,2021-11-03,2023-06-09 00:50:41,false
840,535.19,dedicated,2021-05-02,2022-01-16 05:41:47,false
366,361.43,internet solution,2022-04-19,2023-07-10 09:55:22,false
443,110.03,maximized,2022-05-02,2021-06-26 21:27:39,true
699,326.83,Adaptive,2021-04-14,2021-01-18 17:59:35,false
147,250.75,4th generation,2021-10-14,2020-10-21 13:22:33,true
815,401.14,Distributed,2023-08-05,2023-07-18 19:11:08,true
467,779.17,client-server,2022-07-23,2022-02-28 20:37:45,false
194,832.03,De-engineered,2022-01-09,2023-01-16 04:10:17,false
56,452.44,capability,2023-02-26,2022-03-21 22:11:04,false
745,589.75,Adaptive,2022-05-19,2022-04-27 22:02:41,true
664,365.57,Devolved,2022-10-08,2020-11-19 02:56:33,false
712,577.47,Customizable,2023-04-29,2022-08-01 20:27:14,false
190,185.97,Proactive,2022-08-01,2022-07-01 19:06:19,true
153,145.98,implementation,2021-05-30,2020-10-11 16:48:51,false
496,956.91,parallelism,2021-02-10,2020-10-15 01:34:46,false
931,345.6,Team-oriented,2022-06-03,2022-04-18 21:16:25,false
821,368.29,encoding,2023-01-13,2021-03-08 22:45:05,false
105,100.63,complexity,2022-10-21,2022-09-07 22:34:32,false
706,520.14,mobile,2021-06-27,2021-12-06 21:06:46,false
572,433.86,Multi-layered,2022-02-28,2022-07-26 18:55:29,true
487,529.87,Synergistic,2021-02-17,2021-02-22 08:30:43,false
412,635.37,middleware,2023-06-18,2021-05-06 03:26:59,false
724,143.78,model,2022-05-25,2021-09-08 17:20:00,false
290,523.75,Right-sized,2021-03-30,2023-08-10 14:55:51,true
705,528.31,protocol,2021-09-14,2021-11-09 07:29:11,false
700,799.21,policy,2022-03-23,2022-11-04 14:11:26,false
271,626.57,Front-line,2022-10-13,2022-10-07 07:07:55,true
496,128.51,bi-directional,2021-06-24,2022-04-18 15:15:06,false
879,706.32,impactful,2022-06-14,2020-09-20 11:39:53,false
540,143.39,Visionary,2022-11-21,2020-10-12 11:28:45,true
312,307.6,next generation,2020-09-13,2022-10-06 06:16:42,true
682,574.47,uniform,2023-04-14,2022-06-04 13:16:47,true
213,634.38,framework,2021-01-29,2021-05-28 17:42:25,false
526,110.13,Organized,2022-07-03,2021-01-16 13:07:28,false
4,870.44,clear-thinking,2020-11-20,2022-04-15 01:44:17,true
65,180.76,access,2021-08-25,2021-08-11 18:06:26,true
960,156.82,superstructure,2022-08-14,2023-07-11 09:56:16,false
198,256.17,attitude-oriented,2022-04-11,2021-06-26 23:40:03,false
914,906.93,Ameliorated,2022-02-11,2023-02-06 01:29:11,false
723,117.51,extranet,2023-03-05,2020-09-16 06:10:23,false
12,485.42,value-added,2020-10-13,2021-07-12 10:24:51,false
83,736.37,Synergized,2021-09-10,2021-02-03 00:05:33,true
628,421.4,non-volatile,2021-11-13,2020-12-12 12:05:09,true
922,587.32,user-facing,2022-08-07,2023-02-04 11:04:32,false
369,449.38,Managed,2021-11-13,2020-08-29 17:07:13,false
150,280.94,Self-enabling,2021-11-21,2021-12-05 08:19:23,true
157,903.57,Fundamental,2023-04-12,2021-04-29 11:15:11,false
147,276.92,cohesive,2020-11-07,2021-02-28 02:43:02,true
831,464.62,intangible,2021-11-11,2023-01-31 14:27:55,true
933,425.1,De-engineered,2021-03-16,2021-12-31 19:40:45,false
880,264.61,core,2021-07-25,2023-07-09 21:35:38,false
993,384.04,Monitored,2023-06-26,2021-12-08 01:03:50,false
393,730.29,Front-line,2021-06-10,2021-09-18 12:43:37,false
282,868.42,matrix,2020-09-20,2022-02-20 22:51:58,false
924,781.41,zero defect,2020-09-10,2021-03-11 18:21:01,false
949,74.28,holistic,2022-12-23,2020-10-12 21:58:42,false
413,171.24,challenge,2022-04-28,2021-07-06 20:33:37,true
170,437.81,installation,2020-10-07,2023-02-02 23:21:09,true
124,687.44,composite,2021-05-03,2022-05-26 09:18:12,true
566,797.2,object-oriented,2021-08-20,2022-03-07 03:24:05,true
148,52.21,Switchable,2021-04-27,2021-01-13 04:54:54,true
126,487.72,software,2020-12-31,2021-04-22 06:06:59,true
10,741.17,mobile,2022-07-31,2023-06-02 19:51:33,false
505,441.89,5th generation,2022-05-04,2021-04-19 13:01:03,false
806,762.22,conglomeration,2020-11-21,2021-03-18 20:30:17,false
622,862.04,Seamless,2022-06-20,2023-01-29 10:19:05,true
44,653.8,dynamic,2021-11-29,2023-05-03 20:05:51,true
449,386.26,Cross-group,2021-04-29,2022-01-21 19:14:13,false
528,588.43,De-engineered,2022-10-24,2022-08-12 20:16:18,true
646,234.98,non-volatile,2021-04-16,2023-04-25 02:40:39,true
868,611.15,Secured,2023-04-18,2022-10-13 02:31:30,false
169,43.23,Seamless,2022-12-06,2022-12-03 01:09:40,true
245,643.23,Persevering,2022-08-27,2023-05-07 01:03:44,false
894,409.95,dynamic,2023-08-01,2022-03-20 20:33:52,false
56,692.28,Optimized,2022-03-09,2022-11-05 13:51:34,false
907,812.29,fresh-thinking,2020-11-18,2020-10-21 11:12:22,false
995,130.39,Front-line,2023-04-03,2022-09-12 19:39:54,false
663,879.46,directional,2022-04-25,2023-08-11 19:13:08,false
443,403.41,directional,2021-03-11,2020-10-11 04:59:48,false
223,457.48,Front-line,2020-10-22,2022-04-09 15:09:34,false
285,986.58,User-friendly,2021-03-28,2021-12-28 19:38:58,true
4,635.48,systemic,2023-02-16,2022-03-21 10:23:34,true
61,919.48,firmware,2021-07-25,2022-05-13 13:26:13,false
243,370.94,modular,2023-02-17,2021-01-28 21:03:07,false
36,590.87,national,2023-02-28,2022-04-30 02:20:31,false
932,386.86,human-resource,2022-03-05,2022-06-05 07:17:44,false
406,32.37,motivating,2023-03-16,2021-11-05 17:57:52,false
247,494.99,Cross-group,2023-02-22,2021-04-23 14:26:23,true
799,124.34,didactic,2021-02-15,2020-12-19 08:39:21,true
1,625.18,structure,2023-03-31,2022-10-21 09:18:48,false
343,361.48,Phased,2021-02-27,2021-09-11 09:50:53,true
150,863.06,Stand-alone,2020-08-19,2022-11-11 21:47:39,true
661,557.34,portal,2020-08-26,2022-10-14 01:23:50,true
694,196.96,toolset,2023-08-02,2022-06-05 03:25:40,true
717,739.95,Organized,2020-12-05,2022-10-07 13:06:25,false
282,249.26,Self-enabling,2022-12-15,2023-05-19 10:07:29,true
657,720.72,holistic,2021-08-30,2022-08-04 21:51:03,true
313,550.34,Decentralized,2020-11-28,2022-02-28 10:14:10,true
608,490.63,solution,2023-07-18,2022-04-25 09:48:58,false
808,138.53,solution,2021-08-11,2022-11-09 10:29:33,true
729,219.06,motivating,2023-07-03,2021-08-15 15:42:44,true
396,510.01,transitional,2023-05-24,2023-02-17 01:33:29,true
760,995.88,service-desk,2020-12-07,2022-06-14 04:32:59,true
920,730.51,Self-enabling,2021-06-11,2021-04-07 08:48:46,true
25,588.1,hierarchy,2021-06-03,2020-11-18 06:57:22,true
993,503.8,content-based,2022-12-30,2021-09-03 22:14:35,false
540,320.32,solution-oriented,2020-12-30,2022-05-12 10:55:55,true
979,814.65,zero administration,2020-11-17,2022-02-28 12:57:28,false
83,901.14,array,2022-01-18,2021-01-11 02:21:24,true
175,576.69,adapter,2022-12-31,2021-08-26 17:26:55,false
513,241.74,Realigned,2022-01-06,2021-03-19 14:39:42,false
595,164.9,Digitized,2022-06-01,2023-01-07 18:06:28,true
247,477.06,service-desk,2021-07-07,2023-05-03 07:30:26,false
591,806.29,client-server,2023-03-30,2023-03-02 05:34:07,false
790,437.2,Devolved,2022-06-11,2022-12-11 00:22:25,true
681,216.56,hardware,2021-01-16,2023-03-14 19:27:36,false
404,92.73,De-engineered,2021-05-03,2021-08-15 21:26:07,false
557,348.93,intermediate,2023-01-30,2021-05-10 02:03:28,true
696,512.75,encryption,2022-06-22,2021-11-15 10:53:32,false
652,654.32,Multi-layered,2022-10-16,2023-07-29 20:54:28,false
979,656.52,Grass-roots,2021-08-21,2022-02-14 19:03:44,true
666,564.91,challenge,2022-07-11,2023-01-28 10:52:08,true
71,579.78,structure,2020-10-13,2022-02-10 09:07:38,false
262,369.36,array,2022-08-07,2021-02-15 04:11:20,false
349,202.17,motivating,2021-07-21,2023-08-10 06:03:15,false
201,465.27,leading edge,2020-12-29,2022-07-31 01:55:35,true
705,803.96,architecture,2021-11-09,2020-09-22 12:21:46,false
461,758.54,discrete,2022-12-25,2023-06-07 23:40:17,false
943,594.89,capability,2022-01-07,2021-10-04 21:14:54,true
867,424.06,Multi-channelled,2022-10-18,2021-09-09 13:12:51,false
890,418.42,zero administration,2023-02-18,2023-05-23 07:05:15,true
403,221.97,conglomeration,2022-10-24,2020-11-10 09:23:26,true
714,876.95,interactive,2021-07-16,2023-05-02 20:41:55,true
932,38.25,foreground,2022-02-16,2021-06-09 23:39:43,false
119,230.09,Intuitive,2022-07-04,2022-01-13 09:35:12,false
902,84.87,policy,2022-03-18,2023-03-08 21:12:26,false
752,276.99,secured line,2022-09-26,2021-02-11 17:33:55,true
559,798.49,data-warehouse,2021-01-06,2021-05-02 12:23:18,false
932,521.03,instruction set,2022-11-03,2022-04-25 09:39:30,true
876,744.5,access,2022-06-19,2022-04-14 13:17:05,false
810,76.71,synergy,2022-07-14,2022-02-16 23:07:08,false
538,687.78,systematic,2022-11-18,2022-07-31 08:28:04,false
962,109.93,model,2021-10-09,2021-05-05 22:31:57,false
260,6.97,instruction set,2023-01-28,2021-07-26 00:10:27,true
8,590.33,Automated,2021-11-13,2021-06-21 11:05:37,false
974,693.33,Cross-platform,2023-01-08,2023-04-11 17:27:55,true
573,786.09,Quality-focused,2023-03-01,2021-03-27 10:18:16,true
317,715.65,collaboration,2020-08-26,2022-07-28 10:16:45,false
152,464.99,hierarchy,2021-08-10,2021-01-07 19:47:05,true
329,285.52,Configurable,2022-04-05,2021-03-09 04:50:45,false
6,961.22,productivity,2020-09-23,2020-08-23 07:24:34,false
178,25.01,archive,2021-09-22,2021-04-03 10:01:04,true
876,284.62,hybrid,2022-01-31,2022-10-12 04:59:58,false
848,683.11,full-range,2022-03-29,2021-08-06 09:21:21,false
192,977.65,explicit,2021-06-22,2020-12-11 03:24:13,true
45,363.81,Team-oriented,2021-06-08,2022-03-18 17:13:22,true
554,780.5,incremental,2021-05-24,2020-10-27 23:36:00,false
491,616.59,zero tolerance,2021-09-24,2022-02-17 15:02:18,true
896,114.99,Integrated,2021-10-09,2020-12-06 12:06:30,true
308,149.11,bandwidth-monitored,2020-12-25,2021-06-02 00:56:55,false
182,722.8,leading edge,2021-10-09,2021-08-20 07:58:40,true
345,802.7,non-volatile,2020-09-02,2023-07-05 19:15:19,true
167,440.87,contextually-based,2020-10-25,2021-10-08 07:34:13,true
375,522.84,Enhanced,2023-01-23,2021-02-10 08:59:20,false
111,426.74,Advanced,2021-06-07,2021-02-09 18:12:00,false
227,379.16,asymmetric,2022-06-28,2022-10-19 08:12:51,false
47,283.21,flexibility,2022-08-07,2021-01-10 05:32:38,true
289,508.53,secured line,2021-11-16,2023-06-03 09:39:02,false
763,423.46,core,2022-03-15,2023-03-24 12:41:15,false
8,616.57,zero administration,2021-05-16,2021-08-01 07:26:50,false
612,403.95,secured line,2021-03-18,2020-11-10 23:47:52,true
700,88.98,heuristic,2020-12-30,2021-03-21 09:22:53,false
623,20.05,User-friendly,2021-01-23,2020-11-14 01:29:24,false
816,81.21,coherent,2021-09-16,2022-07-12 01:31:33,false
999,975.73,tertiary,2023-04-25,2021-06-19 23:21:15,true
960,109.39,capacity,2021-02-10,2022-11-12 02:28:12,true
401,743.27,Persistent,2022-09-30,2020-11-09 16:10:33,true
633,394.05,Reactive,2022-01-13,2021-09-19 19:00:03,true
854,167.46,exuding,2023-01-27,2022-12-23 17:28:13,false
642,694.66,Enhanced,2021-11-23,2022-09-04 22:28:31,true
841,238.42,Graphical User Interface,2021-08-20,2020-12-27 02:17:18,false
456,45.38,Pre-emptive,2020-09-20,2021-08-12 02:24:45,false
195,981.75,collaboration,2023-07-12,2022-06-16 00:56:34,false
211,630.51,moratorium,2023-06-19,2022-03-28 07:17:00,false
666,372.97,ability,2022-12-07,2022-02-07 17:55:04,true
307,866.96,maximized,2020-11-01,2022-08-30 04:56:23,true
981,60.12,knowledge base,2021-11-11,2022-09-05 13:11:20,true
694,47.23,systemic,2021-01-19,2022-07-30 06:43:11,false
402,660.78,productivity,2020-08-16,2023-07-09 00:26:14,false
763,423.77,complexity,2021-05-20,2023-05-31 16:11:18,true
785,21.68,Focused,2022-09-18,2020-12-13 16:16:47,true
405,940.99,tertiary,2022-12-10,2022-11-30 07:40:35,true
572,733.51,demand-driven,2022-02-06,2020-11-07 15:43:28,true
848,527.37,algorithm,2022-01-21,2021-12-20 17:06:48,true
281,732.79,Pre-emptive,2021-04-12,2023-02-26 06:45:00,true
858,238.74,interactive,2021-04-23,2023-07-27 11:19:51,false
180,887.15,Distributed,2023-05-14,2022-06-05 15:26:39,true
635,292.2,algorithm,2023-07-12,2023-04-21 19:41:09,false
20,594.46,background,2021-02-02,2022-07-16 21:45:48,false
62,92.54,heuristic,2023-08-03,2020-10-13 05:59:29,true
378,742.47,groupware,2023-03-15,2022-12-30 12:36:39,false
482,687.05,Seamless,2021-03-03,2022-08-24 20:32:28,false
518,672.51,user-facing,2021-09-13,2022-12-18 22:18:15,true
93,974.2,orchestration,2023-08-06,2023-06-12 09:43:02,true
21,821.85,installation,2020-08-21,2021-08-23 04:30:25,false
234,851.04,database,2021-01-16,2022-07-06 01:25:59,false
23,933.28,task-force,2020-12-25,2022-11-11 10:17:26,true
991,154.94,extranet,2022-05-25,2020-12-30 02:34:57,false
709,558.08,framework,2022-11-29,2022-08-03 14:39:34,false
713,270.06,system engine,2022-04-09,2021-12-12 05:45:04,false
203,66.93,well-modulated,2021-03-24,2020-10-16 23:13:08,true
864,230.53,policy,2020-11-19,2022-05-04 07:08:57,true
333,956.79,Integrated,2020-12-31,2023-05-12 02:11:19,true
695,8.55,Mandatory,2023-01-23,2022-12-08 16:27:29,true
639,140.81,dedicated,2021-10-06,2021-01-18 00:10:46,true
577,581.48,next generation,2021-01-07,2022-05-11 14:53:14,false
94,544.78,context-sensitive,2022-09-05,2022-11-20 00:10:44,true
535,753.05,focus group,2022-08-23,2022-11-05 05:46:32,false
958,285.21,hybrid,2020-08-15,2022-10-08 01:37:58,true
128,702.65,hub,2020-12-29,2021-10-16 09:32:50,true
702,116.46,Public-key,2022-10-30,2023-04-04 17:31:00,false
120,435.94,Quality-focused,2023-03-02,2022-09-24 11:55:10,true
285,625.94,24 hour,2020-11-05,2021-02-27 23:37:48,false
468,789.01,info-mediaries,2021-09-14,2023-02-17 19:47:57,false
747,616.79,Universal,2021-05-16,2021-09-18 14:11:06,false
858,541.12,open system,2023-07-13,2022-10-31 07:26:13,true
619,95.78,capacity,2021-04-30,2022-12-18 08:07:48,false
295,674.09,Front-line,2022-02-14,2023-06-09 13:32:37,false
714,946.55,24 hour,2021-09-21,2021-02-08 15:03:27,true
336,938.67,algorithm,2021-05-01,2022-12-06 13:43:42,false
241,980.65,leading edge,2022-04-27,2022-07-08 08:37:02,true
78,4.94,national,2021-06-13,2021-08-28 22:08:37,false
933,668.69,Versatile,2022-10-26,2022-05-31 07:22:04,false
40,514.79,Innovative,2022-11-07,2023-03-09 09:27:32,false
702,489.17,application,2022-02-10,2020-10-17 05:02:02,false
449,522.93,neural-net,2021-06-12,2022-03-20 23:47:28,true
568,57.03,middleware,2020-10-07,2022-09-26 01:13:04,true
796,589.77,Expanded,2022-05-01,2021-08-17 12:19:46,true
247,305.86,zero defect,2023-07-28,2023-08-06 16:10:36,false
958,598.57,time-frame,2020-11-02,2023-01-10 11:43:44,true
700,314.22,clear-thinking,2022-05-07,2021-04-20 01:33:28,true
590,955.48,ability,2021-08-08,2022-01-21 07:04:28,true
399,717.21,strategy,2021-05-20,2021-02-23 15:08:14,false
81,751.71,zero tolerance,2021-02-16,2023-08-03 21:44:39,true
257,751.79,Cross-platform,2023-03-07,2022-08-31 16:32:14,true
577,918.67,dynamic,2020-12-29,2022-12-17 02:50:56,true
579,32.38,Cross-platform,2023-02-04,2020-08-16 11:38:40,false
708,857.47,background,2022-01-12,2023-04-29 14:24:53,true
615,230.05,object-oriented,2022-06-29,2022-09-27 07:27:39,true
943,51.95,heuristic,2020-11-19,2022-11-29 07:35:24,false
943,731.77,Profit-focused,2022-04-26,2022-01-26 01:38:35,true
65,503.27,contingency,2021-09-20,2023-03-22 03:47:11,true
326,187.43,Automated,2021-09-27,2023-04-24 08:44:34,false
130,483.07,tangible,2022-03-13,2023-01-14 13:28:05,false
783,524.94,Enterprise-wide,2023-03-21,2021-10-16 11:49:51,true
625,199.5,knowledge base,2020-08-25,2021-09-16 01:09:28,true
871,473.34,24/7,2022-12-23,2022-05-26 10:09:50,false
520,880.91,hub,2021-12-23,2023-08-06 05:53:37,true
693,568.89,actuating,2020-12-04,2022-04-23 16:37:54,false
483,490.03,composite,2020-10-29,2021-11-18 14:07:36,true
74,204.25,mobile,2022-07-03,2023-02-20 22:07:26,true
124,816.91,dynamic,2020-09-20,2021-03-24 04:55:36,false
710,507.23,algorithm,2021-04-19,2023-01-31 07:22:49,false
611,564.89,analyzing,2021-06-07,2023-05-22 16:58:33,true
80,745.01,migration,2023-05-28,2022-04-01 02:21:27,false
73,89.64,executive,2020-10-30,2022-11-15 16:41:17,true
260,84.38,Switchable,2022-08-29,2020-10-22 12:22:37,false
379,337.43,emulation,2023-07-31,2023-04-25 02:07:40,false
170,737.81,Business-focused,2020-12-01,2022-06-09 05:48:35,false
927,969.17,Quality-focused,2022-07-07,2023-08-01 22:35:03,true
901,207.7,responsive,2023-01-08,2021-11-23 21:18:45,true
875,824.69,parallelism,2021-08-12,2020-08-28 10:17:29,true
352,93.55,static,2023-06-30,2022-08-29 16:44:18,false
362,361.31,exuding,2021-02-13,2022-10-10 18:29:54,false
584,903.72,foreground,2020-12-25,2021-03-26 23:10:14,false
65,855.21,Multi-channelled,2020-09-23,2021-11-09 04:17:07,true
989,915.4,Graphical User Interface,2023-02-14,2023-01-09 08:23:08,false
626,965.77,Front-line,2020-11-27,2021-03-29 11:08:46,false
68,946.01,disintermediate,2023-04-12,2022-09-01 17:55:16,true
543,249.1,function,2023-07-04,2020-09-05 08:06:34,true
226,561.55,instruction set,2022-07-03,2022-06-12 06:49:56,true
855,400.45,6th generation,2021-02-06,2022-02-19 17:35:57,false
311,473.72,Focused,2021-01-23,2023-01-25 12:44:01,false
990,103.56,foreground,2021-11-24,2020-12-21 11:47:41,true
804,709.81,secondary,2021-03-09,2022-08-31 19:41:03,false
635,795.71,synergy,2021-01-04,2022-04-27 19:36:21,true
118,605.22,24/7,2023-01-31,2021-05-29 07:13:40,false
543,157.77,Front-line,2023-05-13,2023-06-06 15:13:36,true
344,835.12,extranet,2020-10-10,2022-10-27 07:41:46,false
576,785.62,artificial intelligence,2021-01-21,2021-08-30 12:45:21,true
676,502.14,capacity,2023-05-11,2021-10-31 10:37:12,false
413,577.5,content-based,2021-11-09,2021-07-11 19:50:28,false
346,103.15,user-facing,2023-04-23,2022-01-14 15:12:48,false
32,514.56,encoding,2021-10-15,2021-10-09 11:19:15,false
965,111.88,database,2021-10-21,2021-09-19 20:22:03,true
949,500.26,Business-focused,2021-09-28,2023-01-01 02:47:22,false
349,144.59,access,2022-08-03,2023-06-20 03:48:00,true
408,369.48,context-sensitive,2022-11-10,2020-11-02 16:02:43,true
785,302.44,Cloned,2022-07-21,2020-12-14 09:06:48,false
979,749.3,projection,2021-12-31,2022-06-08 02:32:47,false
478,864.16,Re-engineered,2020-08-16,2020-10-03 23:38:26,false
36,107.97,system engine,2020-10-03,2023-03-30 21:47:20,true
483,828.73,Upgradable,2021-01-28,2021-01-16 19:41:06,false
429,176.59,frame,2020-12-07,2022-03-21 03:45:33,false
136,510.14,Enterprise-wide,2023-01-26,2020-09-11 22:25:16,false
393,322.02,heuristic,2021-12-18,2022-07-27 19:57:23,false
144,393.04,methodology,2021-03-20,2021-04-18 06:43:38,true
312,154.28,next generation,2020-11-17,2022-08-07 09:52:50,true
316,543.9,success,2022-08-03,2022-06-09 16:28:27,true
953,408.68,didactic,2021-11-06,2021-08-18 04:13:12,false
956,152.22,scalable,2022-05-04,2023-05-16 04:55:06,true
888,734.35,object-oriented,2021-12-14,2022-02-10 10:06:58,true
561,873.13,toolset,2021-06-26,2022-07-01 14:52:52,true
741,757.05,functionalities,2023-06-15,2021-10-28 14:10:03,false
577,996.88,definition,2023-01-02,2021-06-09 03:28:59,true
594,266.2,regional,2022-03-21,2020-09-19 10:27:03,false
534,70.95,Realigned,2022-08-17,2021-11-18 14:52:48,false
824,182.09,Total,2022-08-26,2021-05-01 22:28:28,false
10,963.67,hardware,2022-04-22,2022-07-23 09:32:25,false
982,758.68,Extended,2020-09-03,2021-03-28 02:28:50,false
160,639.96,Reduced,2022-06-29,2022-05-06 05:22:55,false
230,660.84,Versatile,2023-05-08,2022-12-11 13:04:31,true
46,879.25,analyzer,2020-11-30,2021-12-20 14:46:33,false
73,56.47,Multi-tiered,2021-09-08,2022-08-04 01:00:10,false
383,86.49,matrices,2023-05-15,2023-05-18 07:59:41,false
199,788.94,high-level,2023-08-13,2022-05-26 03:37:56,false
450,592.71,throughput,2023-08-14,2021-06-28 23:40:43,true
610,558.38,flexibility,2020-10-25,2022-08-08 17:38:46,true
6,621.46,hardware,2021-05-16,2021-08-24 22:04:49,true
164,409.37,Synergistic,2021-04-28,2021-08-31 03:59:09,false
465,595.04,Re-contextualized,2023-05-12,2021-03-10 07:20:51,true
775,892.9,Progressive,2022-10-04,2021-06-24 12:43:51,false
124,452.18,Expanded,2021-05-26,2022-09-18 05:51:24,false
749,861.87,Upgradable,2022-07-09,2021-01-04 05:28:26,false
963,863.27,budgetary management,2020-10-21,2022-12-23 17:54:57,true
698,779.14,Stand-alone,2021-10-15,2021-06-19 13:49:53,true
608,877.82,uniform,2020-12-10,2022-02-21 02:22:32,true
870,332.53,didactic,2022-12-15,2022-11-28 13:12:15,false
812,443.27,static,2021-06-25,2021-11-27 02:13:47,true
295,830.67,solution,2023-04-01,2022-11-06 18:40:37,true
263,888.61,dedicated,2022-04-10,2021-01-22 20:32:24,true
441,261.65,paradigm,2023-02-21,2021-08-15 05:18:48,true
32,256.29,User-centric,2022-01-14,2020-10-09 08:05:16,true
205,129.39,responsive,2020-08-28,2022-07-23 07:22:34,false
401,319.57,access,2023-05-26,2022-12-06 22:37:36,false
877,110.33,background,2022-04-24,2021-04-20 03:09:07,false
408,311.54,Customer-focused,2022-04-29,2023-07-25 01:40:08,false
436,149.15,array,2023-08-03,2020-10-29 15:48:05,true
434,85.79,frame,2021-07-04,2022-04-29 00:19:56,false
265,795.11,demand-driven,2021-08-25,2021-10-31 03:22:42,false
914,914.04,asymmetric,2023-01-02,2023-05-22 10:22:01,false
80,834.7,multimedia,2020-11-25,2021-11-08 05:52:11,false
808,495.8,secondary,2023-07-07,2023-02-22 12:01:51,false
282,346.92,Open-architected,2023-04-10,2023-05-20 09:55:03,true
400,828.41,Multi-channelled,2021-06-07,2021-08-17 23:37:38,false
902,925.87,secondary,2021-08-24,2021-01-02 17:08:16,true
747,206.22,model,2021-02-26,2023-06-03 07:14:58,false
223,208.39,focus group,2020-12-20,2021-01-18 01:13:17,true
620,160.76,eco-centric,2023-02-08,2021-05-30 23:05:42,false
999,976.62,knowledge user,2021-12-29,2023-03-15 15:27:19,false
492,678.72,grid-enabled,2022-05-12,2023-06-09 00:45:04,true
378,436.08,systemic,2021-05-03,2021-12-01 07:55:18,true
410,580.02,Adaptive,2020-11-11,2021-05-27 19:13:56,false
7,258.24,Assimilated,2023-07-29,2022-09-12 02:34:14,false
250,297.96,Universal,2023-05-13,2022-03-11 15:35:57,false
963,241.02,foreground,2023-04-03,2022-05-06 03:34:38,true
610,549.76,Switchable,2022-04-29,2022-08-22 13:06:52,true
296,526.14,superstructure,2022-09-15,2023-02-07 17:32:16,false
375,339.32,Adaptive,2022-05-01,2022-06-19 05:45:22,true
808,701.77,Multi-tiered,2022-04-08,2023-03-09 10:38:41,true
988,542.56,framework,2022-12-10,2023-01-17 18:28:38,false
863,593.43,alliance,2023-04-11,2022-08-30 16:36:56,true
71,517.76,middleware,2022-01-06,2023-05-22 09:58:29,true
488,76.68,Organic,2022-05-06,2021-08-24 02:37:44,false
687,383.29,high-level,2023-01-30,2022-06-30 01:36:29,false
32,372.51,Graphical User Interface,2020-10-24,2023-06-19 16:36:17,false
151,15.87,paradigm,2022-07-19,2020-12-09 14:21:09,false
626,449.17,application,2021-08-01,2021-09-17 11:15:21,true
640,856.84,frame,2020-11-29,2021-03-27 10:08:52,false
836,489.68,directional,2023-03-16,2020-09-03 17:12:41,false
13,545.39,Extended,2021-07-17,2022-11-30 01:06:07,true
797,434.05,explicit,2022-09-27,2022-01-21 06:53:29,false
101,422.17,workforce,2022-11-18,2023-04-02 12:56:59,false
748,346.31,reciprocal,2021-01-27,2021-03-02 05:06:21,false
95,295.97,flexibility,2023-04-15,2021-10-05 13:31:24,false
259,868.05,disintermediate,2023-01-31,2022-01-03 03:00:04,true
178,84.18,4th generation,2021-02-13,2022-08-30 11:13:15,false
338,306.93,tangible,2022-01-16,2020-12-29 15:21:59,false
384,162.07,Optional,2022-10-19,2023-07-05 08:03:48,false
851,175.1,local,2023-02-02,2022-05-19 11:36:06,true
764,331.06,architecture,2022-08-12,2023-07-26 02:55:59,true
853,395.02,motivating,2022-04-16,2021-07-08 15:41:06,true
857,9.41,Open-architected,2023-01-15,2022-08-16 03:33:24,true
607,6.15,eco-centric,2022-12-17,2020-11-09 01:45:08,false
18,354.52,Mandatory,2020-12-18,2021-02-06 07:35:42,true
654,345.43,intermediate,2022-12-18,2022-11-24 20:44:36,false
645,382.86,solution,2020-12-07,2021-06-23 16:35:16,true
185,556.48,artificial intelligence,2020-10-25,2020-11-16 05:02:36,false
394,34.0,high-level,2021-06-22,2022-05-15 04:01:38,true
251,446.46,system engine,2023-04-04,2020-08-18 15:10:44,false
911,984.78,coherent,2023-05-23,2021-01-05 07:49:52,true
364,830.01,uniform,2021-12-23,2022-08-05 23:30:59,false
529,126.58,Phased,2022-09-06,2021-08-18 05:51:32,false
120,946.97,multimedia,2022-07-01,2022-09-26 17:52:05,false
934,418.88,systemic,2022-10-09,2022-12-21 10:05:34,true
56,815.4,mission-critical,2022-01-30,2020-12-05 03:28:45,false
419,537.49,complexity,2021-12-22,2021-08-30 17:16:33,true
834,6.09,open architecture,2022-05-10,2021-06-24 18:21:38,false
382,557.96,attitude-oriented,2022-05-13,2023-04-28 08:15:35,false
521,156.2,Digitized,2021-09-22,2020-12-26 10:56:41,true
914,742.58,content-based,2023-08-04,2023-06-19 09:26:55,true
190,148.12,Upgradable,2023-05-28,2022-02-14 11:53:39,false
24,503.07,motivating,2022-03-21,2021-08-07 03:56:53,false
803,836.54,budgetary management,2022-12-18,2022-05-23 07:34:59,true
101,32.54,exuding,2023-07-21,2023-04-23 07:33:19,true
284,658.83,stable,2023-02-21,2022-07-20 00:01:07,false
201,534.65,contextually-based,2021-08-24,2020-10-04 11:32:25,true
982,977.2,attitude,2022-04-02,2023-02-06 11:09:54,true
403,120.1,exuding,2022-08-06,2021-11-10 16:42:34,true
438,701.92,responsive,2022-01-29,2021-05-25 19:22:39,true
508,930.86,Horizontal,2022-05-20,2022-05-27 07:47:47,false
464,900.63,customer loyalty,2022-02-28,2022-01-23 22:42:15,false
508,713.91,algorithm,2022-05-01,2021-11-21 12:58:48,true
679,105.67,Reactive,2022-12-09,2021-09-19 21:31:42,false
553,514.12,cohesive,2023-03-25,2021-08-30 03:45:34,true
582,593.93,Ergonomic,2021-03-25,2022-02-06 16:06:57,false
550,701.76,moderator,2023-01-11,2023-07-21 15:06:28,true
435,449.34,monitoring,2021-05-08,2022-09-19 02:24:31,true
765,655.0,toolset,2023-06-01,2022-08-24 06:41:28,true
867,737.15,neural-net,2023-02-14,2021-01-13 05:44:11,true
572,2.57,circuit,2023-05-23,2023-06-12 09:41:21,true
42,200.38,responsive,2023-06-04,2023-04-13 13:35:32,false
626,160.89,Reduced,2022-03-30,2022-10-04 09:46:49,true
463,916.83,motivating,2020-10-04,2023-07-10 13:01:02,true
988,521.59,concept,2021-05-02,2022-12-17 18:58:44,false
705,610.26,contingency,2023-07-08,2022-07-10 07:46:00,true
894,237.51,Pre-emptive,2020-09-18,2021-07-18 08:42:38,false
128,901.16,Operative,2023-06-02,2022-12-04 18:07:03,true
17,779.95,Phased,2023-01-31,2022-03-07 10:24:00,false
258,230.97,radical,2021-04-08,2023-06-17 14:17:55,true
980,155.53,Devolved,2023-03-12,2022-02-13 11:03:18,true
881,448.15,neural-net,2022-04-21,2021-07-22 01:25:40,true
687,319.31,Digitized,2023-06-02,2022-06-16 18:20:02,false
318,748.65,Reverse-engineered,2022-08-26,2022-04-16 04:47:44,true
40,70.8,bandwidth-monitored,2021-03-29,2020-11-13 00:27:38,true
698,633.24,toolset,2023-07-31,2021-07-06 07:57:26,false
558,324.36,service-desk,2022-04-15,2020-11-01 13:09:41,false
23,188.1,Front-line,2022-02-06,2022-10-24 19:27:07,true
241,625.36,attitude-oriented,2020-12-06,2023-06-13 04:40:47,true
668,954.03,client-server,2023-06-01,2022-09-25 21:55:18,true
881,131.27,help-desk,2021-06-17,2021-11-07 15:05:48,false
350,277.58,bottom-line,2021-06-07,2021-12-18 22:52:33,false
883,905.76,Robust,2023-02-25,2021-11-27 13:23:23,true
7,714.67,modular,2022-03-08,2021-05-13 13:41:02,false
246,948.61,Robust,2022-07-04,2022-09-16 08:24:04,false
134,480.76,application,2021-08-31,2021-03-24 23:54:37,true
821,57.06,array,2022-07-01,2020-10-18 21:50:44,false
456,999.14,incremental,2023-06-23,2023-03-15 01:35:21,false
671,175.86,discrete,2020-12-06,2022-05-25 18:24:26,false
309,377.97,system engine,2021-08-21,2021-11-05 22:08:00,false
956,358.53,toolset,2022-12-04,2023-03-28 16:37:01,false
10,610.54,collaboration,2021-08-05,2022-04-08 08:01:19,false
664,15.28,benchmark,2023-07-07,2021-11-28 17:35:44,false
438,497.52,methodical,2021-10-04,2022-08-03 14:32:01,true
709,980.12,full-range,2022-11-15,2023-05-03 21:40:41,true
567,420.47,Centralized,2020-09-04,2021-01-09 22:38:16,true
70,934.66,uniform,2022-12-18,2022-03-29 22:24:00,true
984,298.23,leverage,2022-01-23,2020-08-18 13:12:33,true
754,318.51,Upgradable,2022-06-28,2021-12-05 09:05:15,true
388,520.67,initiative,2022-03-23,2022-01-15 12:13:45,true
649,372.2,collaboration,2021-08-07,2020-11-05 18:37:57,false
572,195.88,middleware,2022-03-04,2021-06-26 20:06:36,false
592,345.75,encryption,2023-04-03,2020-09-21 06:49:34,false
590,688.81,logistical,2022-07-25,2022-06-20 18:08:49,false
751,203.56,Open-architected,2021-11-30,2022-07-31 10:31:29,false
366,391.73,flexibility,2020-12-14,2022-08-10 18:08:29,true
384,44.08,framework,2022-08-16,2021-11-09 19:18:38,false
164,659.05,high-level,2021-11-02,2023-03-10 12:39:03,false
98,643.52,definition,2022-05-16,2022-05-03 10:42:56,true
394,602.43,intranet,2021-10-23,2022-06-28 09:27:30,false
654,696.31,interactive,2022-06-01,2023-01-05 06:15:16,false
648,640.4,leading edge,2023-02-19,2023-03-28 01:44:33,true
568,539.88,holistic,2022-07-12,2021-04-13 06:17:56,false
626,94.9,global,2021-04-10,2021-03-22 12:54:10,true
561,308.05,firmware,2022-12-05,2021-08-14 04:40:16,false
654,303.05,superstructure,2023-07-03,2021-10-24 01:12:48,true
